Red partyhat,1038,1656735
Santa hat,1050,1264422
Stew,2003,1224111
Dragon axe,6739,668304
Kraken tentacle,12004,653944
Kwuarm seed,5299,653106
Dragon spear,1249,596222
White berries,239,570900
Cosmic rune,564,525000
Karil's coif,4732,486020
Adamant scimitar,1331,477003
Red topaz machete,6317,462225.555556
Summer pie,7218,447070
Opal,1609,442905.813665
Iron ore,440,436956
Warrior ring,6735,429840
Logs,1511,423071
Strength amulet (t),10364,414639
Coconut,5974,412870
Iron boots,4121,407169
Raw anchovies,321,401135.636646
Kebab,1971,400000
Ashes,592,397593.925926
Mithril ore,447,396800
Jug of water,1937,396672
Black mask,8921,387753
Cooked karambwan,3144,383724
Silver ore,442,382968
Bandos mitre,12271,381384
Black scimitar,1327,375750
Bow string,1777,374187
Zamorak mitre,10456,368962
Black mask (10),8901,368787
Green headband,12307,367020
Oak logs,1521,366663
Guthix mitre,10454,362674
Antipoison(4),2446,362616
Saradomin mitre,10452,359575
Bucket,1925,358974
Nardah teleport,12402,355014
Games necklace(8),3853,354732
Ring of dueling(8),2552,354612
Sapphire,1607,354263
Lockpick,1523,352300
Ring of recoil,2550,351912
Dwarf weed seed,5303,349943
Adamant kiteshield,1199,347805
Super defence(4),2442,345267
Armadyl mitre,12259,342810
Armadyl chaps,12510,340220
Ancient mitre,12203,339750
Leather,1741,337825
Avantoe,261,336903
Royal gown top,12393,335996
Silver bar,2355,331032
Sapphire ring,1637,329840
Black skirt (g),12445,328222
Grimy avantoe,211,328048
Black platebody,1125,327958.75
White bead,1476,326420.0
Purple sweets,10476,324558
Pineapple seed,5287,323181
Mystic boots,4097,320142
Brine sabre,11037,319312
Adamant knife,867,318780
Super attack(4),2436,316706
Raw lobster,377,315777
Air orb,573,315084
Saradomin chaps,10388,314307
Teleport to house,8013,314244
Unpowered orb,567,309859
Antidote++(4),5952,309740
Uncut sapphire,1623,309734
Zamorak bracers,10368,305720
Soul rune,566,305270
Rune javelin,830,303792
Red spiders' eggs,223,303030
Torstol seed,5304,302220
Saradomin robe top,10458,301940
Anchovy pizza,2297,300960
Rune helm (h5),10294,300240
Bones to peaches,8015,299624
Wine of zamorak,245,298333
Superantipoison(4),2448,298068
Seers ring,6731,296850
Verac's brassard,4757,296793
Ancient chaps,12494,295722.546584
Katana,12357,295074
Lobster,379,294090
Super energy(4),3016,293364
Uncut emerald,1621,289432
Adamant pickaxe,1271,288711
Red d'hide chaps,2495,288210
Rune knife,868,284647
Dragon dagger(p++),5698,283140
Blue skirt (g),7386,282672
Green d'hide chaps (g),7378,280818
Ball of wool,1759,279658.111111
Ball of wool,1759,279658.111111
Grimy marrentill,201,279272.87037
Willow seed,5313,278052
Maple shortbow,853,276480
Guthix full helm,2673,275770
Easter egg,1961,275544
Armadyl d'hide,12508,275110
Super energy(3),3018,274758
Dragon arrow,11212,274492
Iron bar,2351,273663
Emerald ring,1639,272685
Mort'ton teleport,12406,272484
Guthan's chainskirt,4730,271752
Ahrim's robeskirt,4714,271620
Bandos boots,11836,271602
Flared trousers,10394,270032
Avantoe potion (unf),103,269367
Mahogany logs,6332,264957
Saradomin coif,10390,264450
Zamorak page 4,3834,263460
Super attack(3),145,263412
Karil's leatherskirt,4738,262545
Coal,453,261775
Blue wizard robe (g),7390,261595
Dragon arrowtips,11237,261136
Sanfew serum(4),10925,259848
Blue wizard hat (g),7394,259600
Ancient cloak,12197,258908
Limpwurt root,225,258715
Lumbridge teleport,8008,258633
Maple longbow,851,258382
Adamant dart,810,258060
Zamorak chaps,10372,257808
Salmon,329,256872
Wild pie,7208,256665
Rune knife(p++),5667,255474
Tuna potato,7060,254403
Maple longbow (u),62,254235
Antifire potion(4),2452,253890
Ardougne teleport,8011,252230
Guthan's platebody,4728,251684
Black d'hide chaps (g),12383,251369
Enchanted robe,7398,250125
Emerald bolts (e),9241,249964
Rune helm (h1),10286,248946.559006
Death rune,560,248794
Archer helm,3749,248547
Bandos d'hide,12500,248265
Torag's helm,4745,247700
Kwuarm potion (unf),105,247470
Armadyl cloak,12261,247104
Zamorak cloak,10450,247060
Raw karambwan,3142,245508
Grimy cadantine,215,245336
Torstol,269,240498
Armadyl bracers,12506,240304
Falador teleport,8009,239500
Dharok's helm,4716,238675
Dragon dart,11230,238419
Bucket of sand,1783,237286
Splitbark body,3387,236600
Fire orb,569,234954
Weapon poison(++),5940,234346
Rune arrow,892,233766
Granite body,10564,233205
Red elegant shirt,10404,233184.9625
Guthix robe legs,10466,232768
Grimy harralander,205,232475
Strange fruit,464,231743.217391
Mystic boots (dark),4107,231264
Harralander,255,230823
Black elegant legs,10402,230465.391304
Iron platebody (t),12225,229170
Saradomin robe legs,10464,228942
Bandos stole,12269,228678.869565
Yew seed,5315,228366
Papaya fruit,5972,227792
Mithril arrow,888,227270
Cactus spine,6016,227157
Camelot teleport,8010,226809
Dragon cane,12373,226610
Dagannoth bones,6729,226524
Red chinchompa,10034,226160
Dharok's greataxe,4718,225948
Gold bar,2357,225792
Black d'hide vamb,2491,225138
Ahrim's hood,4708,225018
Super strength(4),2440,224910
Watermelon seed,5321,224388
Dharok's greataxe 0,4890,223885
Black wizard hat (t),12455,223640
Karil's crossbow,4734,223008
Blood rune,565,222948
Loop half of key,987,222800
Babydragon bones,534,221622
Tooth half of key,985,221490
Binding necklace,5521,221368
Magic shortbow,861,221270
Steel bar,2353,220464
Dharok's platebody,4720,220422
Varrock teleport,8007,219384
Dragon dart tip,11232,218495
Super strength(3),157,218064
Lunar isle teleport,12405,216276
Granite maul,4153,215940
Ancient staff,4675,215849
Bucket of water,1929,215336.385093
Bandos cloak,12273,214874
Seaweed,401,214284
Studded chaps (g),7366,213304
Bandos chaps,12502,213195.074534
Ranging potion(4),2444,213180
Dragon dagger,1215,212888
Saradomin cloak,10446,210500
Saradomin brew(4),6685,209708
Torag's platebody,4749,208230
Tuna,361,207396
Zamorak coif,10374,207298
Black wizard hat (g),12453,207185
Verac's plateskirt,4759,206761
Cadantine,265,206254
Gold ore,444,206160
Grimy dwarf weed,217,206018
Big bones,532,205803
Iron full helm (t),12231,205543
Zamorak page 3,3833,205239
Saradomin full helm,2665,205067
Crushed nest,6693,204800
Dark bow,11235,203914
Mystic hat,4089,203680
Law rune,563,203250
Piscatoris teleport,12408,202462
Grimy lantadyme,2485,201838
Uncut diamond,1617,201720
Earth orb,575,201140
Rune dart,811,200940
Zamorak d'hide,10370,200816
Mystic boots (light),4117,200146
Bandos bracers,12498,200087.763975
Zamorak robe,1035,199917
Ranarr seed,5295,199620
Pineapple pizza,2301,199472
Guthix dragonhide,10378,198520
Black skirt (t),12447,197258.869565
Blue wizard hat (t),7396,196884
Ring of wealth (5),11980,195776
Lava dragon bones,11943,194285
Ring of wealth,2572,194040
Rune dart(p),817,193920
Toadflax,2998,193860
Ahrim's robetop,4712,193828
Combat bracelet(6),11972,193473
Infinity boots,6920,192028
Iron knife,863,191779
Raw salmon,331,191484
Mithril knife,866,191484
Karil's crossbow 0,4938,190360
Dharok's platebody 0,4896,190242
Warrior helm,3753,190128
Cannonball,2,188826
Water talisman,1444,188013.565217
Amulet of strength,1725,187187
Dharok's platelegs,4722,187080
Compost,6032,186900
Ruby bolts (e),9242,186186
Iron kiteshield (g),12243,185856
Black d'hide chaps,2497,185554
Blue wizard robe,577,185277
Digsite teleport,12403,184754.785714
Berserker helm,3751,184416
Uncut ruby,1619,184100
Snapdragon seed,5300,182970
Verac's helm,4753,182504
Ring of life,2570,182280
Maple seed,5314,179962
Bronze platebody (g),12205,178677
Skills necklace(6),11968,178092
Adamant bolts,9143,178007
Runite bolts,9144,177954
Blue wizard hat,579,177692.824074
Amulet of power,1731,177546
Gilded platebody,3481,176960
Magic seed,5316,176904
Dharok's helm 0,4884,176700
Harralander potion (unf),97,176472
Potato with cheese,6705,175214
Gold amulet (u),1673,174528
Armadyl helmet,11826,173972
Torag's platelegs,4751,173836
Phoenix necklace,11090,173824
Mystic gloves,4095,173169
Dark crab,11936,172072
Magic sapling,5374,171486
Mithril bolts,9142,170208
Wizard boots,2579,169914
Obsidian cape,6568,169065
Adamantite ore,449,168974
Combat bracelet(4),11118,168545
Ranging potion(3),169,168266
Saradomin platelegs,2663,168000
Dragon dagger(p+),5680,167958
Blue wizard robe (t),7392,167831
Helm of neitiznot,10828,167555
Bowl of hot water,4456,166660.754658
Iron platebody (g),12235,164864
Super restore(3),3026,164700
Zamorak page 2,3832,164584
Fedora,11990,164183.608696
Fire talisman,1442,163895.357143
Black robe,581,163503
Leprechaun hat,12359,163071.025
Oak plank,8778,162162
Dragon bones,536,162058
Astral rune,9075,161486
Green d'hide chaps (t),7380,161096
Wyvern bones,6812,161040
Super restore(4),3024,160944
Splitbark legs,3389,160776
Snakeskin boots,6328,160453.45679
Enchanted top,7399,159229
Saradomin sword,11838,158624
Iron platebody,1115,157715.166667
Yew sapling,5373,156168
Bone dagger (p++),8878,155540.074534
Mystic hat (dark),4099,155424.708075
Black knife,869,155169
Dragon bolts (e),9244,154998
Maple sapling,5372,154428
Teak plank,8780,154208
Skills necklace(4),11105,153468
Staff of air,1381,153278.571429
Combat bracelet,11126,152960
Ring of forging,2568,151452
Pineapple sapling,5500,151420
Blue skirt (t),7388,151174.673913
Mind shield,9731,150956.040373
Water orb,571,150656
Admiral pie,7198,150122.73913
Snapdragon,3000,149017
Yew shortbow,857,148304
Occult necklace,12002,147846
Red d'hide chaps (g),12329,147764
Zamorak robe,1033,147720.835404
Musketeer hat,12351,147326
Grimy snapdragon,3051,147278
Dragon bolt tips,9193,144432
Mahogany plank,8782,144250
Snapdragon potion (unf),3004,143978
Black platelegs,1077,142624.027778
Dharok's platelegs 0,4902,142485
Rune shield (h5),7360,142276.978261
Ranarr weed,257,141928
Saradomin brew(3),6687,141427
Lantadyme,2481,140448
Zamorak platebody,2653,140240
Red d'hide vamb,2489,140154
Ancient platelegs,12462,139880.114907
Prayer potion(3),139,139764
Grimy ranarr weed,207,139308
Blue d'hide chaps (g),7382,139113.139752
Ranarr potion (unf),99,138820
Diamond bolts (e),9243,138528
Prayer potion(4),2434,138432
Ancient coif,12496,138266.850932
Dragon 2h sword,7158,137016
Leaf-bladed sword,11902,136697
Trident of the seas (full),11905,136694
Broad bolts,11875,135592
Curry leaf,5970,134880
Prayer potion(1),143,134846
Silk,950,134074.47205
Amulet of glory(6),11978,133100
Mithril bar,2359,132933
Saradomin page 1,3827,132673.232919
Toktz-ket-xil,6524,132638
Amulet of glory(4),1712,131100
Rune crossbow,9185,129217
Pest control teleport,12407,129158.425926
Oranges(5),5396,128499.130435
Prayer potion(2),141,128216
Bronze platelegs (g),12207,126597.111111
Amulet of glory,1704,126360
Diamond,1601,124266
Dragonstone,1615,121992
Dragon bolts,9341,121511
Guthix kiteshield,2675,121280
Amulet of magic,1727,120957.141975
Tzhaar-ket-om,6528,120810
Uncut dragonstone,1631,120192
Yew longbow,855,119655
Ancient kiteshield,12468,117779.717391
Ancient platebody,12460,117568.553459
Bowl of water,1921,116233.767081
Gilded kiteshield,3488,115407
Soda ash,1781,114864.283951
Yew longbow (u),66,113516
Pot,1931,113384.271605
Zamorak platelegs,2655,112200
Infinity gloves,6922,110651
Ogre arrow,2866,110550
Blue d'hide chaps,2493,110433
Crystal key,989,109900
Studded body (g),7362,109802.639752
Dragon longsword,1305,109040
Dragon chainbody,3140,108292
Afro,12430,106843.52795
Diamond bracelet,11092,105462
Black dragonhide,1747,104823
Ahrim's staff,4710,104412
Dragonstone bracelet,11115,103292
Mithril pickaxe,1273,102110.012422
Mithril full helm,1159,101855.703704
Mithril scimitar,1329,101733.138889
Rune spear,1247,101680
Dragon dagger(p),1231,101619.006211
Bronze nails,4819,100675.753086
Green dragonhide,1753,99624
Rune platebody (g),2615,98784
Farseer helm,3755,98700
Ruby bolts,9339,98355
Mithril platelegs,1071,98064
Ruby amulet,1698,98010
Adamant dart tip,823,96910
Willow branch,5933,96338.0
Staff of water,1383,95806.9720497
Mith grapple,9419,95331.2623457
Mystic gloves (dark),4105,94905.1481481
Mithril full helm (g),12283,94798.0
Dragon mace,1434,94308
Rune scimitar,1333,93775
Guthix platebody,2669,93767
Chocolate cake,1897,93089.1428571
Yew logs,1515,92682
Blue dragonhide,1751,92214
Bolt of cloth,8790,90160
Rune shield (h1),7336,89504.9440994
Granite shield,3122,88668
Black bead,1474,88266.5
Green dragon leather,1745,87561
Hammer,2347,86892.882716
Ruby,1603,85140
Mole skin,7418,84943
Diamond ring,1643,83776
Ancient full helm,12466,83047.6863354
Rune full helm (t),2627,82892
Ruby ring,1641,82846
Dragon sq shield,1187,81783
Dragon battleaxe,1377,81540
Mithril 2h sword,1315,79779.6521739
Needle,1733,79525.3333333
Rune kiteshield (t),2629,79028
Mystic fire staff,1401,78696
Guthix platelegs,2671,78232
Rune platelegs (t),2625,77830
Nature rune,561,77510
Adamantite bar,2361,76648
Red dragonhide,1749,75208
Rune helm (h2),10288,75192.5962733
Mystic robe top (light),4111,75096
Mithril kiteshield (g),12281,74171.378882
Red d'hide body,2501,73505
Spottier cape,10071,73264.5
Runite crossbow (u),9465,73000
Shield right half,2368,72976
Magic logs,1513,72828
Dragon scimitar,4587,72703
Rune plateskirt (g),3476,72521
Bandos platelegs,12482,72494.8074534
Small fishing net,303,72473.757764
Mithril kiteshield,1197,70864
Mole claw,7416,70686
Blue d'hide vamb,2487,70623
Cabbage,1965,70299.1614907
Rock-shell legs,6130,70012
Armadyl kiteshield,12478,69220.568323
Magic longbow (u),70,68360
Cannon base,6,67672
Torag's platebody 0,4968,67536
Dorgeshuun crossbow,8880,67084.0248447
Red dye,1763,67001.242236
Cannon furnace,12,66080
Torag's hammers,4747,65808
Godsword blade,11798,65064
Cannon barrels,10,65010
Blue dragon leather,2505,64512
Guthix crozier,10442,64196.2732919
Gloves of silence,10075,64052.1801242
Saradomin plateskirt,3479,63356
Armadyl platelegs,12472,63274.91875
Gold headband,12303,63136.1257862
Rock-shell plate,6129,63135
Cannon stand,8,62610
Rune sword,1289,61800
Initiate hauberk,5575,61454.4444444
Proselyte hauberk,9674,60905.9503106
Runite limbs,9431,60695
Mystic robe bottom,4093,60624
Amulet of glory (t4),10354,60057.3575949
Skeletal top,6139,59959.0628931
Black dragon leather,2509,59488
Bandos platebody,12480,58939.5652174
Rune helm (h4),10292,58814.7111801
Zamorak plateskirt,3478,58464
Rune helm (h3),10290,58354.9814815
Rune platebody (t),2623,57716
Mystic robe top (dark),4101,56448
Ranging potion(1),173,56402.1118012
Rune pickaxe,1275,56252
Adamant sq shield,1183,55943.4409938
Watchtower teleport,8012,55681.5652174
Torag's helm 0,4956,55463.4808917
Bandos kiteshield,12488,54696.4378882
Fire battlestaff,1393,54696
Black d'hide body,2503,54384
Godsword shard 1,11818,54373
Godsword shard 2,11820,54351
Zamorak stole,10474,53899.0377358
Magic longbow,859,53391
Initiate harness m,9668,53149.9347826
Mystic robe bottom (light),4113,53028
Mystic robe top,4091,52752
Lobster pot,301,52199.0807453
Rune kiteshield,1201,51975
Green d'hide vamb,1065,51800
Battlestaff,1391,51750
Mystic robe bottom (dark),4103,51652
Enchanted hat,7400,51114.2857143
Rune full helm,1163,50982
Mystic water staff,1403,50775
Shield left half,2366,50760
Iron chainbody,1101,50731.2345679
Adamant 2h sword,1317,50499
Guthix plateskirt,3480,50490.0
Rune sq shield,1185,50220
Godsword shard 3,11822,50204
Steel platebody,1119,50180
Rune battleaxe,1373,50005
Bandos full helm,12486,49562.3354037
Rune longsword,1303,49179
Armadyl platebody,12470,49103.3043478
Water battlestaff,1395,49044
Granite legs,6809,48555
Green d'hide chaps,1099,47580
Runite ore,451,47544
Adamant halberd,3200,46957.7716049
Staff of earth,1385,46761.3819876
Mystic air staff,1405,46694
Rune platelegs,1079,45888
Rune halberd,3202,45872
Rune chainbody,1113,45360
Rune plateskirt (t),3477,45343.3641975
Studded body,1133,45233.673913
Pirate's hat,2651,45048.2391304
Poison ivy seed,5106,44713.7391304
Black full helm,1165,44615.9506173
Rune mace,1432,44368
Red cavalier,12323,44177.8385093
Ancient bracers,12490,43968.8664596
Rune shield (h3),7348,43731.0
Black cape,1019,43706.6304348
Crier hat,12319,43657.453125
Adamant full helm,1161,43430
Penguin mask,12428,42730.33125
Rune 2h sword,1319,41877
Dragon med helm,1149,41600
Initiate sallet,5574,41380.3229814
Earth battlestaff,1399,41065
Mystic lava staff,3054,40880
Rune axe,1359,39713
Rune shield (h4),7354,39638.990625
Rune plateskirt,1093,39386
Rune warhammer,1347,39312
Rune shield (h2),7342,39229.826087
Armadyl plateskirt,12474,39007.5
Initiate cuisse,5576,38983.1574074
Orange dye,1769,38928.058642
Oak longbow,845,38802.6397516
Zamorak crozier,10444,38542.984375
Greenman's ale,1909,38420.0
Mithril platebody,1121,38024
Bandos plateskirt,12484,37954.326087
Black kiteshield,1195,37653.5555556
Saradomin crozier,10440,37633.978125
Ancient plateskirt,12464,36982.8375
Rune med helm,1147,36380
Dragon platelegs,4087,36300
Redberries,1951,35841.2037037
Armadyl full helm,12476,35579.6273292
Onyx bolts (e),9245,35325
Ruby necklace,1660,35265.8913043
Skeletal bottoms,6141,35092.8913043
New crystal shield,4224,34842
Rune platebody,1127,34560
Armadyl crozier,12263,34280.075
Mystic hat (light),4109,33687.484472
Spade,952,33400.6944444
Yellow gloves,2922,33243.1049383
Adamant boots,4129,32872.2222222
Iron kiteshield,1191,32696.2267081
Guthix bracers,10376,32477.1490683
Runite bar,2363,32120
Mithril chainbody,1109,32084.1481481
Onyx bolt tips,9194,31892
Mithril platelegs (g),12279,31879.625
Mithril sq shield,1181,31479.7763975
Adamant platelegs,1073,30723
Steel platelegs,1069,30411.8012422
Spice,2007,29672.3478261
Black 2h sword,1313,29550.2777778
Mystic earth staff,1407,29337.8993711
Maple blackjack,6416,29321.3664596
Adamant warhammer,1345,28946.3819876
Adamant battleaxe,1371,28825.7037037
Wizard's mind bomb,1907,27967.052795
Navy cavalier,12325,27734.931677
Bronze spear,1237,27647.4104938
Rune dagger(p+),5678,27531
Green elegant legs,10414,27210.8509317
Saradomin brew(2),6689,26840.6832298
Blue d'hide body,2499,26270
Steel scimitar,1325,26104.4907407
Dragon halberd,3204,25828
Adamant med helm,1145,24233.2763975
Mith crossbow,9181,23899.8447205
Mithril kiteshield (t),12291,23530.9782609
Steel full helm,1157,22895.9969136
Team-10 cape,4333,22595.0
Hunters' crossbow,10156,22532.9813665
Steel 2h sword,1311,21962.4223602
Lava battlestaff,3053,21420
Red d'hide chaps (t),12333,21232.09375
Saw,8794,20915.5434783
Mystic gloves (light),4115,20705.7639752
Sanfew serum(3),10927,20156.25
Red d'hide body (g),12327,19949.1521739
Cream hat,662,19716.3043478
Snakeskin body,6322,19673.2267081
Dragon plateskirt,4585,19430
Red gloves,2912,19293.6335404
Bruise blue snelm,3343,19264.4968944
Green d'hide body,1135,18774
Onyx bolts,9342,18160
Unfired bowl,1791,18070.0434783
Mithril platebody (t),12287,18052.9503106
Rune cane,12379,17440.7608696
Brass key,983,17108.9814815
Adamant longsword,1301,16820.2639752
Snakeskin chaps,6324,16323.5403727
Mirror shield,4156,16102.4161491
Adamant platelegs (g),2609,16074.0375
Rune dagger,1213,15836
Shade robe top,546,15358.2080745
Team-49 cape,4411,14917.5
Adamant platebody,1123,14819
Black boots,4125,14505.1296296
Blue d'hide chaps (t),7384,13319.4782609
Blue d'hide body (g),7374,12919.1490683
Adamant dagger,1211,12891.8012422
Monkey bones,3183,12490.5714286
Red beret,12247,11449.375
Yellow boots,2914,11310.654321
Black sq shield,1179,10562.5802469
Steel longsword,1295,10161.3354037
Frog-leather body,10954,10028.8074534
Beanie,12245,9934.91612903
Pink boater,12309,9819.65217391
Iron plateskirt (g),12239,9786.63522013
Facemask,4164,9723.77160494
Magic comp bow,10284,9036.625
Air battlestaff,1397,8938
Ancient stole,12201,8912.71698113
Fremennik boots,3791,8877.825
Fremennik black cloak,3789,8698.09937888
Proselyte sallet,9672,8221.490625
A powdered wig,10392,8103.375
Bronze platelegs (t),12217,8066.08280255
Grey gloves,2902,7753.64285714
Mithril battleaxe,1369,7711.95652174
Mithril platelegs (t),12289,7491.3875
Bronze dragon mask,12363,7403.03503185
Bucket of sap,4687,6947.85093168
Team-27 cape,4367,6735.07453416
Harpoon,311,6176.45962733
Iron dragon mask,12365,5872.27070064
Blue boots,630,5704.09937888
Black warhammer,1341,5644.01242236
Cooked chicken,2140,5477.40372671
Mind talisman,1448,5471.45
Mithril spear,1243,5427.67080745
Garlic,1550,5390.04968944
Tan cavalier,2639,4976.20754717
Bronze plateskirt (g),12209,4900.534375
Elemental talisman,5516,4658.03773585
Seed dibber,5343,4586.23602484
Pink elegant skirt,12341,4494.87341772
Black longsword,1297,4337.82608696
Candle lantern,4529,4258.38819876
Green dye,1771,4068.44720497
Gardening trowel,5325,4039.0310559
Bronze dagger,1205,3962.43209877
Adamant mace,1430,3865.23602484
Yew comp bow,10282,3517.40372671
Earmuffs,4166,3387.62962963
Red d'hide body (t),12331,3302.9375
Black battleaxe,1367,2852.70186335
Bronze sword,1277,2772.82919255
Adamant helm (h5),10304,2658.13291139
Blue d'hide body (t),7376,2621.521875
Shorts,5046,2515.43478261
Adamant helm (h2),10298,2272.58598726
Team-12 cape,4337,1924.77018634
Toy mouse,7767,1614.3483871
Bob's purple shirt,10324,1526.79738562
Tortoise shell,7939,1505.96153846
Black shield (h2),7338,1464.01986755
Adamant shield (h1),7334,1258.93081761
Adamant shield (h5),7358,1225.84177215
Team-22 cape,4357,1204.90566038
Mithril plateskirt (t),12295,1079.2327044
Black helm (h1),10306,1055.25320513
Adamant shield (h4),7352,986.358490566
Insulated boots,7159,927.391304348
Adamant shield (h3),7346,919.088050314
Bob's red shirt,10316,899.766025641
Bob's green shirt,10320,785.577419355
Adamant shield (h2),7340,770.961538462
Black helm (h5),10314,577.384615385
Black shield (h5),7356,419.25
Insect repellent,28,0
Bucket of wax,30,0
Candle,36,0
Bronze arrowtips,39,0
Iron arrowtips,40,0
Steel arrowtips,41,0
Mithril arrowtips,42,0
Adamant arrowtips,43,0
Rune arrowtips,44,0
Opal bolt tips,45,0
Pearl bolt tips,46,0
Barb bolttips,47,0
Longbow (u),48,0
Shortbow (u),50,0
Arrow shaft,52,0
Headless arrow,53,0
Oak shortbow (u),54,0
Oak longbow (u),56,0
Willow longbow (u),58,0
Willow shortbow (u),60,0
Maple shortbow (u),64,0
Yew shortbow (u),68,0
Magic shortbow (u),72,0
Guam potion (unf),91,0
Marrentill potion (unf),93,0
Tarromin potion (unf),95,0
Irit potion (unf),101,0
Cadantine potion (unf),107,0
Dwarf weed potion (unf),109,0
Torstol potion (unf),111,0
Strength potion(4),113,0
Strength potion(3),115,0
Strength potion(2),117,0
Strength potion(1),119,0
Attack potion(3),121,0
Attack potion(2),123,0
Attack potion(1),125,0
Restore potion(3),127,0
Restore potion(2),129,0
Restore potion(1),131,0
Defence potion(3),133,0
Defence potion(2),135,0
Defence potion(1),137,0
Super attack(2),147,0
Super attack(1),149,0
Fishing potion(3),151,0
Fishing potion(2),153,0
Fishing potion(1),155,0
Super strength(2),159,0
Super strength(1),161,0
Super defence(3),163,0
Super defence(2),165,0
Super defence(1),167,0
Ranging potion(2),171,0
Antipoison(3),175,0
Antipoison(2),177,0
Antipoison(1),179,0
Superantipoison(3),181,0
Superantipoison(2),183,0
Superantipoison(1),185,0
Weapon poison,187,0
Zamorak brew(3),189,0
Zamorak brew(2),191,0
Zamorak brew(1),193,0
Poison chalice,197,0
Grimy guam leaf,199,0
Grimy tarromin,203,0
Grimy irit leaf,209,0
Grimy kwuarm,213,0
Grimy torstol,219,0
Eye of newt,221,0
Vial of water,227,0
Vial,229,0
Snape grass,231,0
Pestle and mortar,233,0
Unicorn horn dust,235,0
Unicorn horn,237,0
Dragon scale dust,241,0
Blue dragon scale,243,0
Jangerberries,247,0
Guam leaf,249,0
Marrentill,251,0
Tarromin,253,0
Irit leaf,259,0
Kwuarm,263,0
Dwarf weed,267,0
Fish food,272,0
Poison,273,0
Goblin mail,288,0
Mithril seeds,299,0
Big fishing net,305,0
Fishing rod,307,0
Fly fishing rod,309,0
Fishing bait,313,0
Feather,314,0
Shrimps,315,0
Raw shrimps,317,0
Anchovies,319,0
Sardine,325,0
Raw sardine,327,0
Trout,333,0
Raw trout,335,0
Cod,339,0
Raw cod,341,0
Raw herring,345,0
Herring,347,0
Raw pike,349,0
Pike,351,0
Raw mackerel,353,0
Mackerel,355,0
Raw tuna,359,0
Raw bass,363,0
Bass,365,0
Raw swordfish,371,0
Swordfish,373,0
Raw shark,383,0
Shark,385,0
Raw manta ray,389,0
Manta ray,391,0
Raw sea turtle,395,0
Sea turtle,397,0
Edible seaweed,403,0
Casket,405,0
Oyster,407,0
Oyster pearl,411,0
Oyster pearls,413,0
Priest gown,426,0
Priest gown,428,0
Clay,434,0
Copper ore,436,0
Tin ore,438,0
Bones,526,0
Burnt bones,528,0
Bat bones,530,0
Druid's robe,538,0
Druid's robe top,540,0
Monk's robe,542,0
Monk's robe top,544,0
Shade robe,548,0
Fire rune,554,0
Water rune,555,0
Air rune,556,0
Earth rune,557,0
Mind rune,558,0
Body rune,559,0
Chaos rune,562,0
Tinderbox,590,0
Unlit torch,596,0
Ship ticket,621,0
Pink boots,626,0
Green boots,628,0
Cream boots,632,0
Turquoise boots,634,0
Pink robe top,636,0
Green robe top,638,0
Blue robe top,640,0
Cream robe top,642,0
Turquoise robe top,644,0
Pink robe bottoms,646,0
Green robe bottoms,648,0
Blue robe bottoms,650,0
Cream robe bottoms,652,0
Turquoise robe bottoms,654,0
Pink hat,656,0
Green hat,658,0
Blue hat,660,0
Turquoise hat,664,0
Gnomeball,751,0
Cadava berries,753,0
Bronze thrownaxe,800,0
Iron thrownaxe,801,0
Steel thrownaxe,802,0
Mithril thrownaxe,803,0
Adamant thrownaxe,804,0
Rune thrownaxe,805,0
Bronze dart,806,0
Iron dart,807,0
Steel dart,808,0
Mithril dart,809,0
Bronze dart(p),812,0
Iron dart(p),813,0
Steel dart(p),814,0
Mithril dart(p),815,0
Adamant dart(p),816,0
Bronze dart tip,819,0
Iron dart tip,820,0
Steel dart tip,821,0
Mithril dart tip,822,0
Rune dart tip,824,0
Bronze javelin,825,0
Iron javelin,826,0
Steel javelin,827,0
Mithril javelin,828,0
Adamant javelin,829,0
Bronze javelin(p),831,0
Iron javelin(p),832,0
Steel javelin(p),833,0
Mithril javelin(p),834,0
Adamant javelin(p),835,0
Rune javelin(p),836,0
Crossbow,837,0
Longbow,839,0
Shortbow,841,0
Oak shortbow,843,0
Willow longbow,847,0
Willow shortbow,849,0
Bronze knife,864,0
Steel knife,865,0
Bronze knife(p),870,0
Iron knife(p),871,0
Steel knife(p),872,0
Mithril knife(p),873,0
Black knife(p),874,0
Adamant knife(p),875,0
Rune knife(p),876,0
Bronze bolts,877,0
Bronze bolts(p),878,0
Opal bolts,879,0
Pearl bolts,880,0
Barbed bolts,881,0
Bronze arrow,882,0
Bronze arrow(p),883,0
Iron arrow,884,0
Iron arrow(p),885,0
Steel arrow,886,0
Steel arrow(p),887,0
Mithril arrow(p),889,0
Adamant arrow,890,0
Adamant arrow(p),891,0
Rune arrow(p),893,0
Knife,946,0
Bear fur,948,0
Rope,954,0
Grey wolf fur,958,0
Plank,960,0
Christmas cracker,962,0
Papyrus,970,0
Charcoal,973,0
Machete,975,0
Disk of returning,981,0
Muddy key,991,0
Sinister key,993,0
White apron,1005,0
Red cape,1007,0
Brass necklace,1009,0
Blue skirt,1011,0
Pink skirt,1013,0
Black skirt,1015,0
Wizard hat,1017,0
Blue cape,1021,0
Yellow cape,1023,0
Eye patch,1025,0
Green cape,1027,0
Purple cape,1029,0
Orange cape,1031,0
Yellow partyhat,1040,0
Blue partyhat,1042,0
Green partyhat,1044,0
Purple partyhat,1046,0
White partyhat,1048,0
Green halloween mask,1053,0
Blue halloween mask,1055,0
Red halloween mask,1057,0
Leather gloves,1059,0
Leather boots,1061,0
Leather vambraces,1063,0
Iron platelegs,1067,0
Bronze platelegs,1075,0
Iron plateskirt,1081,0
Steel plateskirt,1083,0
Mithril plateskirt,1085,0
Bronze plateskirt,1087,0
Black plateskirt,1089,0
Adamant plateskirt,1091,0
Leather chaps,1095,0
Studded chaps,1097,0
Bronze chainbody,1103,0
Steel chainbody,1105,0
Black chainbody,1107,0
Adamant chainbody,1111,0
Bronze platebody,1117,0
Leather body,1129,0
Hardleather body,1131,0
Iron med helm,1137,0
Bronze med helm,1139,0
Steel med helm,1141,0
Mithril med helm,1143,0
Black med helm,1151,0
Iron full helm,1153,0
Bronze full helm,1155,0
Leather cowl,1167,0
Coif,1169,0
Wooden shield,1171,0
Bronze sq shield,1173,0
Iron sq shield,1175,0
Steel sq shield,1177,0
Bronze kiteshield,1189,0
Steel kiteshield,1193,0
Iron dagger,1203,0
Steel dagger,1207,0
Mithril dagger,1209,0
Black dagger,1217,0
Iron dagger(p),1219,0
Bronze dagger(p),1221,0
Steel dagger(p),1223,0
Mithril dagger(p),1225,0
Adamant dagger(p),1227,0
Rune dagger(p),1229,0
Black dagger(p),1233,0
Iron spear,1239,0
Steel spear,1241,0
Adamant spear,1245,0
Bronze spear(p),1251,0
Iron spear(p),1253,0
Steel spear(p),1255,0
Mithril spear(p),1257,0
Adamant spear(p),1259,0
Rune spear(p),1261,0
Dragon spear(p),1263,0
Bronze pickaxe,1265,0
Iron pickaxe,1267,0
Steel pickaxe,1269,0
Iron sword,1279,0
Steel sword,1281,0
Black sword,1283,0
Mithril sword,1285,0
Adamant sword,1287,0
Bronze longsword,1291,0
Iron longsword,1293,0
Mithril longsword,1299,0
Bronze 2h sword,1307,0
Iron 2h sword,1309,0
Bronze scimitar,1321,0
Iron scimitar,1323,0
Iron warhammer,1335,0
Bronze warhammer,1337,0
Steel warhammer,1339,0
Mithril warhammer,1343,0
Iron axe,1349,0
Bronze axe,1351,0
Steel axe,1353,0
Mithril axe,1355,0
Adamant axe,1357,0
Black axe,1361,0
Iron battleaxe,1363,0
Steel battleaxe,1365,0
Bronze battleaxe,1375,0
Staff,1379,0
Staff of fire,1387,0
Magic staff,1389,0
Iron mace,1420,0
Bronze mace,1422,0
Steel mace,1424,0
Black mace,1426,0
Mithril mace,1428,0
Rune essence,1436,0
Air talisman,1438,0
Earth talisman,1440,0
Body talisman,1446,0
Chaos talisman,1452,0
Cosmic talisman,1454,0
Death talisman,1456,0
Nature talisman,1462,0
Archery ticket,1464,0
Red bead,1470,0
Yellow bead,1472,0
Amulet of accuracy,1478,0
Maple logs,1517,0
Willow logs,1519,0
Steel nails,1539,0
Anti-dragon shield,1540,0
Seasoned sardine,1552,0
Doogle leaves,1573,0
Ring mould,1592,0
Amulet mould,1595,0
Necklace mould,1597,0
Holy mould,1599,0
Emerald,1605,0
Jade,1611,0
Red topaz,1613,0
Uncut opal,1625,0
Uncut jade,1627,0
Uncut red topaz,1629,0
Gold ring,1635,0
Dragonstone ring,1645,0
Gold necklace,1654,0
Sapphire necklace,1656,0
Emerald necklace,1658,0
Diamond necklace,1662,0
Dragon necklace,1664,0
Sapphire amulet (u),1675,0
Emerald amulet (u),1677,0
Ruby amulet (u),1679,0
Diamond amulet (u),1681,0
Dragonstone amulet (u),1683,0
Gold amulet,1692,0
Sapphire amulet,1694,0
Emerald amulet,1696,0
Diamond amulet,1700,0
Dragonstone amulet,1702,0
Unstrung symbol,1714,0
Unblessed symbol,1716,0
Holy symbol,1718,0
Unstrung emblem,1720,0
Unpowered symbol,1722,0
Unholy symbol,1724,0
Amulet of defence,1729,0
Thread,1734,0
Shears,1735,0
Wool,1737,0
Cowhide,1739,0
Hard leather,1743,0
Chisel,1755,0
Brown apron,1757,0
Soft clay,1761,0
Soft clay,1761,0
Yellow dye,1765,0
Blue dye,1767,0
Purple dye,1773,0
Molten glass,1775,0
Flax,1779,0
Glassblowing pipe,1785,0
Unfired pot,1787,0
Unfired pie dish,1789,0
Woad leaf,1793,0
Bronze wire,1794,0
Waterskin(4),1823,0
Waterskin(0),1831,0
Desert shirt,1833,0
Desert robe,1835,0
Desert boots,1837,0
Shantay pass,1854,0
Raw ugthanki meat,1859,0
Ugthanki meat,1861,0
Pitta bread,1865,0
Chopped tomato,1869,0
Chopped onion,1871,0
Chopped ugthanki,1873,0
Onion &amp; tomato,1875,0
Ugthanki &amp; onion,1877,0
Ugthanki &amp; tomato,1879,0
Kebab mix,1881,0
Ugthanki kebab,1885,0
Cake tin,1887,0
Cake,1891,0
Asgarnian ale,1905,0
Dragon bitter,1911,0
Dwarven stout,1913,0
Grog,1915,0
Beer,1917,0
Beer glass,1919,0
Bowl,1923,0
Bucket of milk,1927,0
Pot of flour,1933,0
Jug,1935,0
Swamp tar,1939,0
Swamp paste,1941,0
Potato,1942,0
Egg,1944,0
Grain,1947,0
Chef's hat,1949,0
Pastry dough,1953,0
Cooking apple,1955,0
Onion,1957,0
Pumpkin,1959,0
Banana,1963,0
Spinach roll,1969,0
Chocolate bar,1973,0
Chocolate dust,1975,0
Cup of tea,1978,0
Empty cup,1980,0
Tomato,1982,0
Cheese,1985,0
Grapes,1987,0
Half full wine jug,1989,0
Jug of wine,1993,0
Curry,2011,0
Vodka,2015,0
Whisky,2017,0
Gin,2019,0
Brandy,2021,0
Cocktail guide,2023,0
Cocktail shaker,2025,0
Cocktail glass,2026,0
Premade blurb' sp.,2028,0
Premade choc s'dy,2030,0
Premade dr' dragon,2032,0
Premade fr' blast,2034,0
Premade p' punch,2036,0
Premade sgg,2038,0
Premade wiz blz'd,2040,0
Pineapple punch,2048,0
Wizard blizzard,2054,0
Blurberry special,2064,0
Choc saturday,2074,0
Short green guy,2080,0
Fruit blast,2084,0
Drunk dragon,2092,0
Lemon,2102,0
Lemon chunks,2104,0
Lemon slices,2106,0
Orange,2108,0
Orange chunks,2110,0
Orange slices,2112,0
Pineapple,2114,0
Pineapple chunks,2116,0
Pineapple ring,2118,0
Lime,2120,0
Lime chunks,2122,0
Lime slices,2124,0
Dwellberries,2126,0
Equa leaves,2128,0
Pot of cream,2130,0
Raw beef,2132,0
Raw rat meat,2134,0
Raw bear meat,2136,0
Raw chicken,2138,0
Cooked meat,2142,0
Swamp toad,2150,0
Toad's legs,2152,0
King worm,2162,0
Batta tin,2164,0
Crunchy tray,2165,0
Gnomebowl mould,2166,0
Gianne's cook book,2167,0
Gnome spice,2169,0
Gianne dough,2171,0
Chocolate bomb,2185,0
Tangled toad's legs,2187,0
Worm hole,2191,0
Veg ball,2195,0
Rock-climbing boots,2203,0
Worm crunchies,2205,0
Chocchip crunchies,2209,0
Spicy crunchies,2213,0
Toad crunchies,2217,0
Premade w'm batta,2219,0
Premade t'd batta,2221,0
Premade c+t batta,2223,0
Premade fr't batta,2225,0
Premade veg batta,2227,0
Premade choc bomb,2229,0
Premade ttl,2231,0
Premade worm hole,2233,0
Premade veg ball,2235,0
Premade w'm crun',2237,0
Premade ch' crunch,2239,0
Premade s'y crunch,2241,0
Premade t'd crunch,2243,0
Worm batta,2253,0
Toad batta,2255,0
Cheese+tom batta,2259,0
Fruit batta,2277,0
Vegetable batta,2281,0
Pizza base,2283,0
Plain pizza,2289,0
Meat pizza,2293,0
Bread dough,2307,0
Bread,2309,0
Pie dish,2313,0
Pie shell,2315,0
Uncooked apple pie,2317,0
Uncooked meat pie,2319,0
Uncooked berry pie,2321,0
Apple pie,2323,0
Redberry pie,2325,0
Meat pie,2327,0
Raw oomlie,2337,0
Wrapped oomlie,2341,0
Cooked oomlie wrap,2343,0
Bronze bar,2349,0
Steel studs,2370,0
Attack potion(4),2428,0
Restore potion(4),2430,0
Defence potion(4),2432,0
Fishing potion(4),2438,0
Zamorak brew(4),2450,0
Antifire potion(3),2454,0
Antifire potion(2),2456,0
Antifire potion(1),2458,0
Assorted flowers,2460,0
Red flowers,2462,0
Blue flowers,2464,0
Yellow flowers,2466,0
Purple flowers,2468,0
Orange flowers,2470,0
Mixed flowers,2472,0
White flowers,2474,0
Black flowers,2476,0
Lantadyme potion (unf),2483,0
Red dragon leather,2507,0
Brown toy horsey,2520,0
White toy horsey,2522,0
Black toy horsey,2524,0
Grey toy horsey,2526,0
Ranger boots,2577,0
Robin hood hat,2581,0
Black platebody (t),2583,0
Black platelegs (t),2585,0
Black full helm (t),2587,0
Black kiteshield (t),2589,0
Black platebody (g),2591,0
Black platelegs (g),2593,0
Black full helm (g),2595,0
Black kiteshield (g),2597,0
Adamant platebody (t),2599,0
Adamant platelegs (t),2601,0
Adamant kiteshield (t),2603,0
Adamant full helm (t),2605,0
Adamant platebody (g),2607,0
Adamant kiteshield (g),2611,0
Adamant full helm (g),2613,0
Rune platelegs (g),2617,0
Rune full helm (g),2619,0
Rune kiteshield (g),2621,0
Highwayman mask,2631,0
Blue beret,2633,0
Black beret,2635,0
White beret,2637,0
Dark cavalier,2641,0
Black cavalier,2643,0
Red headband,2645,0
Black headband,2647,0
Brown headband,2649,0
Zamorak full helm,2657,0
Zamorak kiteshield,2659,0
Saradomin platebody,2661,0
Saradomin kiteshield,2667,0
Wolf bones,2859,0
Wolfbone arrowtips,2861,0
Achey tree logs,2862,0
Ogre arrow shaft,2864,0
Flighted ogre arrow,2865,0
Raw chompy,2876,0
Cooked chompy,2878,0
Elemental shield,2890,0
Grey boots,2894,0
Grey robe top,2896,0
Grey robe bottoms,2898,0
Grey hat,2900,0
Red boots,2904,0
Red robe top,2906,0
Red robe bottoms,2908,0
Red hat,2910,0
Yellow robe top,2916,0
Yellow robe bottoms,2918,0
Yellow hat,2920,0
Teal boots,2924,0
Teal robe top,2926,0
Teal robe bottoms,2928,0
Teal hat,2930,0
Teal gloves,2932,0
Purple boots,2934,0
Purple robe top,2936,0
Purple robe bottoms,2938,0
Purple hat,2940,0
Purple gloves,2942,0
Moonlight mead,2955,0
Silver sickle,2961,0
Mort myre fungus,2970,0
Mort myre stem,2972,0
Mort myre pear,2974,0
Sickle mould,2976,0
Pirate's hook,2997,0
Toadflax potion (unf),3002,0
Energy potion(4),3008,0
Energy potion(3),3010,0
Energy potion(2),3012,0
Energy potion(1),3014,0
Super energy(2),3020,0
Super energy(1),3022,0
Super restore(2),3028,0
Super restore(1),3030,0
Agility potion(4),3032,0
Agility potion(3),3034,0
Agility potion(2),3036,0
Agility potion(1),3038,0
Magic potion(4),3040,0
Magic potion(3),3042,0
Magic potion(2),3044,0
Magic potion(1),3046,0
Grimy toadflax,3049,0
Black dart,3093,0
Black dart(p),3094,0
Bronze claws,3095,0
Iron claws,3096,0
Steel claws,3097,0
Black claws,3098,0
Mithril claws,3099,0
Adamant claws,3100,0
Rune claws,3101,0
Climbing boots,3105,0
Spiked boots,3107,0
Shaikahan bones,3123,0
Jogre bones,3125,0
Potato cactus,3138,0
Karambwan vessel,3157,0
Karambwan vessel,3159,0
Sliced banana,3162,0
Cleaning cloth,3188,0
Bronze halberd,3190,0
Iron halberd,3192,0
Steel halberd,3194,0
Black halberd,3196,0
Mithril halberd,3198,0
Limestone,3211,0
Barrel,3216,0
Raw rabbit,3226,0
Cooked rabbit,3228,0
Bark,3239,0
Vampire dust,3325,0
Myre snelm,3327,0
Blood'n'tar snelm,3329,0
Ochre snelm,3331,0
Bruise blue snelm,3333,0
Broken bark snelm,3335,0
Myre snelm,3337,0
Blood'n'tar snelm,3339,0
Ochre snelm,3341,0
Blamish myre shell,3345,0
Blamish red shell,3347,0
Blamish ochre shell,3349,0
Blamish blue shell,3351,0
Blamish bark shell,3353,0
Blamish myre shell,3355,0
Blamish red shell,3357,0
Blamish ochre shell,3359,0
Blamish blue shell,3361,0
Thin snail,3363,0
Lean snail,3365,0
Fat snail,3367,0
Thin snail meat,3369,0
Lean snail meat,3371,0
Fat snail meat,3373,0
Raw slimy eel,3379,0
Cooked slimy eel,3381,0
Splitbark helm,3385,0
Splitbark gauntlets,3391,0
Splitbark boots,3393,0
Loar remains,3396,0
Phrin remains,3398,0
Riyl remains,3400,0
Asyn remains,3402,0
Fiyr remains,3404,0
Unfinished potion,3406,0
Serum 207 (4),3408,0
Serum 207 (3),3410,0
Serum 207 (2),3412,0
Serum 207 (1),3414,0
Limestone brick,3420,0
Olive oil(4),3422,0
Olive oil(3),3424,0
Olive oil(2),3426,0
Olive oil(1),3428,0
Sacred oil(4),3430,0
Sacred oil(3),3432,0
Sacred oil(2),3434,0
Sacred oil(1),3436,0
Pyre logs,3438,0
Oak pyre logs,3440,0
Willow pyre logs,3442,0
Maple pyre logs,3444,0
Yew pyre logs,3446,0
Magic pyre logs,3448,0
Fine cloth,3470,0
Black plateskirt (t),3472,0
Black plateskirt (g),3473,0
Adamant plateskirt (t),3474,0
Adamant plateskirt (g),3475,0
Gilded platelegs,3483,0
Gilded plateskirt,3485,0
Gilded full helm,3486,0
Flamtaer hammer,3678,0
Fremennik cyan cloak,3759,0
Fremennik brown cloak,3761,0
Fremennik blue cloak,3763,0
Fremennik green cloak,3765,0
Fremennik brown shirt,3767,0
Fremennik grey shirt,3769,0
Fremennik beige shirt,3771,0
Fremennik red shirt,3773,0
Fremennik blue shirt,3775,0
Fremennik red cloak,3777,0
Fremennik grey cloak,3779,0
Fremennik yellow cloak,3781,0
Fremennik teal cloak,3783,0
Fremennik purple cloak,3785,0
Fremennik pink cloak,3787,0
Fremennik robe,3793,0
Fremennik skirt,3795,0
Fremennik hat,3797,0
Fremennik gloves,3799,0
Keg of beer,3801,0
Beer tankard,3803,0
Saradomin page 2,3828,0
Saradomin page 3,3829,0
Saradomin page 4,3830,0
Zamorak page 1,3831,0
Guthix page 1,3835,0
Guthix page 2,3836,0
Guthix page 3,3837,0
Guthix page 4,3838,0
Monkey nuts,4012,0
Monkey bar,4014,0
Banana stew,4016,0
Bronze boots,4119,0
Steel boots,4123,0
Mithril boots,4127,0
Rune boots,4131,0
Abyssal whip,4151,0
Bag of salt,4161,0
Rock hammer,4162,0
Nose peg,4168,0
Slayer's staff,4170,0
Crystal seed,4207,0
New crystal bow,4212,0
Ham shirt,4298,0
Ham robe,4300,0
Ham hood,4302,0
Ham cloak,4304,0
Ham logo,4306,0
Ham gloves,4308,0
Ham boots,4310,0
Team-1 cape,4315,0
Team-2 cape,4317,0
Team-3 cape,4319,0
Team-4 cape,4321,0
Team-5 cape,4323,0
Team-6 cape,4325,0
Team-7 cape,4327,0
Team-8 cape,4329,0
Team-9 cape,4331,0
Team-11 cape,4335,0
Team-13 cape,4339,0
Team-14 cape,4341,0
Team-15 cape,4343,0
Team-16 cape,4345,0
Team-17 cape,4347,0
Team-18 cape,4349,0
Team-19 cape,4351,0
Team-20 cape,4353,0
Team-21 cape,4355,0
Team-23 cape,4359,0
Team-24 cape,4361,0
Team-25 cape,4363,0
Team-26 cape,4365,0
Team-28 cape,4369,0
Team-29 cape,4371,0
Team-30 cape,4373,0
Team-31 cape,4375,0
Team-32 cape,4377,0
Team-33 cape,4379,0
Team-34 cape,4381,0
Team-35 cape,4383,0
Team-36 cape,4385,0
Team-37 cape,4387,0
Team-38 cape,4389,0
Team-39 cape,4391,0
Team-40 cape,4393,0
Team-41 cape,4395,0
Team-42 cape,4397,0
Team-43 cape,4399,0
Team-44 cape,4401,0
Team-45 cape,4403,0
Team-46 cape,4405,0
Team-47 cape,4407,0
Team-48 cape,4409,0
Team-50 cape,4413,0
Guthix rest(4),4417,0
Guthix rest(3),4419,0
Guthix rest(2),4421,0
Guthix rest(1),4423,0
Airtight pot,4436,0
Unfired pot lid,4438,0
Pot lid,4440,0
Cup of water,4458,0
Cup of hot water,4460,0
Giant frog legs,4517,0
Oil lamp,4522,0
Empty oil lamp,4525,0
Empty candle lantern,4527,0
Candle lantern,4532,0
Empty oil lantern,4535,0
Oil lantern,4537,0
Oil lantern frame,4540,0
Lantern lens,4542,0
Bullseye lantern (unf),4544,0
Bullseye lantern (empty),4546,0
Bullseye lantern,4548,0
Spiny helmet,4551,0
Black spear,4580,0
Black spear(p),4582,0
Kharidian headpiece,4591,0
Fake beard,4593,0
Karidian disguise,4595,0
Willow blackjack,4600,0
Super kebab,4608,0
Bandit's brew,4627,0
Garlic powder,4668,0
Linen,4684,0
Pile of salt,4689,0
Steam rune,4694,0
Mist rune,4695,0
Dust rune,4696,0
Smoke rune,4697,0
Mud rune,4698,0
Lava rune,4699,0
Guthan's helm,4724,0
Guthan's warspear,4726,0
Karil's leathertop,4736,0
Bolt rack,4740,0
Verac's flail,4755,0
Bronze brutal,4773,0
Iron brutal,4778,0
Steel brutal,4783,0
Black brutal,4788,0
Mithril brutal,4793,0
Adamant brutal,4798,0
Rune brutal,4803,0
Zogre bones,4812,0
Iron nails,4820,0
Black nails,4821,0
Mithril nails,4822,0
Adamantite nails,4823,0
Rune nails,4824,0
Unstrung comp bow,4825,0
Comp ogre bow,4827,0
Fayrg bones,4830,0
Raurg bones,4832,0
Ourg bones,4834,0
Relicym's balm(4),4842,0
Relicym's balm(3),4844,0
Relicym's balm(2),4846,0
Relicym's balm(1),4848,0
Ogre coffin key,4850,0
Ahrim's hood 0,4860,0
Ahrim's staff 0,4866,0
Ahrim's robetop 0,4872,0
Ahrim's robeskirt 0,4878,0
Guthan's helm 0,4908,0
Guthan's warspear 0,4914,0
Guthan's platebody 0,4920,0
Guthan's chainskirt 0,4926,0
Karil's coif 0,4932,0
Karil's leathertop 0,4944,0
Karil's leatherskirt 0,4950,0
Torag's hammers 0,4962,0
Torag's platelegs 0,4974,0
Verac's helm 0,4980,0
Verac's flail 0,4986,0
Verac's brassard 0,4992,0
Verac's plateskirt 0,4998,0
Raw cave eel,5001,0
Cave eel,5003,0
Mining helmet,5014,0
Bone spear,5016,0
Bone club,5018,0
Woven top,5024,0
Woven top,5026,0
Woven top,5028,0
Shirt,5030,0
Shirt,5032,0
Shirt,5034,0
Trousers,5036,0
Trousers,5038,0
Trousers,5040,0
Shorts,5042,0
Shorts,5044,0
Skirt,5048,0
Skirt,5050,0
Skirt,5052,0
Marigold seed,5096,0
Rosemary seed,5097,0
Nasturtium seed,5098,0
Woad seed,5099,0
Limpwurt seed,5100,0
Redberry seed,5101,0
Cadavaberry seed,5102,0
Dwellberry seed,5103,0
Jangerberry seed,5104,0
Whiteberry seed,5105,0
Cactus seed,5280,0
Belladonna seed,5281,0
Mushroom spore,5282,0
Apple tree seed,5283,0
Banana tree seed,5284,0
Orange tree seed,5285,0
Curry tree seed,5286,0
Papaya tree seed,5288,0
Palm tree seed,5289,0
Calquat tree seed,5290,0
Guam seed,5291,0
Marrentill seed,5292,0
Tarromin seed,5293,0
Harralander seed,5294,0
Toadflax seed,5296,0
Irit seed,5297,0
Avantoe seed,5298,0
Cadantine seed,5301,0
Lantadyme seed,5302,0
Barley seed,5305,0
Jute seed,5306,0
Hammerstone seed,5307,0
Asgarnian seed,5308,0
Yanillian seed,5309,0
Krandorian seed,5310,0
Wildblood seed,5311,0
Acorn,5312,0
Potato seed,5318,0
Onion seed,5319,0
Sweetcorn seed,5320,0
Tomato seed,5322,0
Strawberry seed,5323,0
Cabbage seed,5324,0
Secateurs,5329,0
Watering can,5331,0
Rake,5341,0
Gardening boots,5345,0
Empty plant pot,5350,0
Unfired plant pot,5352,0
Filled plant pot,5354,0
Oak sapling,5370,0
Willow sapling,5371,0
Basket,5376,0
Apples(5),5386,0
Strawberries(5),5406,0
Bananas(5),5416,0
Empty sack,5418,0
Potatoes(10),5438,0
Onions(10),5458,0
Cabbages(10),5478,0
Apple sapling,5496,0
Banana sapling,5497,0
Orange sapling,5498,0
Curry sapling,5499,0
Papaya sapling,5501,0
Palm sapling,5502,0
Calquat sapling,5503,0
Strawberry,5504,0
Tiara mould,5523,0
Tiara,5525,0
Air tiara,5527,0
Mind tiara,5529,0
Water tiara,5531,0
Body tiara,5533,0
Earth tiara,5535,0
Fire tiara,5537,0
Cosmic tiara,5539,0
Nature tiara,5541,0
Chaos tiara,5543,0
Death tiara,5547,0
Bronze arrow(p+),5616,0
Iron arrow(p+),5617,0
Steel arrow(p+),5618,0
Mithril arrow(p+),5619,0
Adamant arrow(p+),5620,0
Rune arrow(p+),5621,0
Bronze arrow(p++),5622,0
Iron arrow(p++),5623,0
Steel arrow(p++),5624,0
Mithril arrow(p++),5625,0
Adamant arrow(p++),5626,0
Rune arrow(p++),5627,0
Bronze dart(p+),5628,0
Iron dart(p+),5629,0
Steel dart(p+),5630,0
Black dart(p+),5631,0
Mithril dart(p+),5632,0
Adamant dart(p+),5633,0
Rune dart(p+),5634,0
Bronze dart(p++),5635,0
Iron dart(p++),5636,0
Steel dart(p++),5637,0
Black dart(p++),5638,0
Mithril dart(p++),5639,0
Adamant dart(p++),5640,0
Rune dart(p++),5641,0
Bronze javelin(p+),5642,0
Iron javelin(p+),5643,0
Steel javelin(p+),5644,0
Mithril javelin(p+),5645,0
Adamant javelin(p+),5646,0
Rune javelin(p+),5647,0
Bronze javelin(p++),5648,0
Iron javelin(p++),5649,0
Steel javelin(p++),5650,0
Mithril javelin(p++),5651,0
Adamant javelin(p++),5652,0
Rune javelin(p++),5653,0
Bronze knife(p+),5654,0
Iron knife(p+),5655,0
Steel knife(p+),5656,0
Mithril knife(p+),5657,0
Black knife(p+),5658,0
Adamant knife(p+),5659,0
Rune knife(p+),5660,0
Bronze knife(p++),5661,0
Iron knife(p++),5662,0
Steel knife(p++),5663,0
Mithril knife(p++),5664,0
Black knife(p++),5665,0
Adamant knife(p++),5666,0
Iron dagger(p+),5668,0
Bronze dagger(p+),5670,0
Steel dagger(p+),5672,0
Mithril dagger(p+),5674,0
Adamant dagger(p+),5676,0
Black dagger(p+),5682,0
Iron dagger(p++),5686,0
Bronze dagger(p++),5688,0
Steel dagger(p++),5690,0
Mithril dagger(p++),5692,0
Adamant dagger(p++),5694,0
Rune dagger(p++),5696,0
Black dagger(p++),5700,0
Bronze spear(p+),5704,0
Iron spear(p+),5706,0
Steel spear(p+),5708,0
Mithril spear(p+),5710,0
Adamant spear(p+),5712,0
Rune spear(p+),5714,0
Dragon spear(p+),5716,0
Bronze spear(p++),5718,0
Iron spear(p++),5720,0
Steel spear(p++),5722,0
Mithril spear(p++),5724,0
Adamant spear(p++),5726,0
Rune spear(p++),5728,0
Dragon spear(p++),5730,0
Black spear(p+),5734,0
Black spear(p++),5736,0
Asgarnian ale(m),5739,0
Mature wmb,5741,0
Greenman's ale(m),5743,0
Dragon bitter(m),5745,0
Dwarven stout(m),5747,0
Moonlight mead(m),5749,0
Axeman's folly,5751,0
Axeman's folly(m),5753,0
Chef's delight,5755,0
Chef's delight(m),5757,0
Slayer's respite,5759,0
Slayer's respite(m),5761,0
Cider,5763,0
Mature cider,5765,0
Ale yeast,5767,0
Calquat keg,5769,0
Dwarven stout(4),5777,0
Asgarnian ale(4),5785,0
Greenmans ale(4),5793,0
Mind bomb(4),5801,0
Dragon bitter(4),5809,0
Moonlight mead(4),5817,0
Axeman's folly(4),5825,0
Chef's delight(4),5833,0
Slayer's respite(4),5841,0
Cider(4),5849,0
Dwarven stout(m4),5857,0
Asgarnian ale(m4),5865,0
Greenmans ale(m4),5873,0
Mind bomb(m4),5881,0
Dragon bitter(m4),5889,0
Moonlight mead(m4),5897,0
Axeman's folly(m4),5905,0
Chef's delight(m4),5913,0
Slayer respite(m4),5921,0
Cider(m4),5929,0
Jute fibre,5931,0
Coconut milk,5935,0
Weapon poison(+),5937,0
Antidote+(4),5943,0
Antidote+(3),5945,0
Antidote+(2),5947,0
Antidote+(1),5949,0
Antidote++(3),5954,0
Antidote++(2),5956,0
Antidote++(1),5958,0
Tomatoes(5),5968,0
Calquat fruit,5980,0
Watermelon,5982,0
Watermelon slice,5984,0
Sweetcorn,5986,0
Cooked sweetcorn,5988,0
Apple mush,5992,0
Hammerstone hops,5994,0
Asgarnian hops,5996,0
Yanillian hops,5998,0
Krandorian hops,6000,0
Wildblood hops,6002,0
Mushroom,6004,0
Barley,6006,0
Barley malt,6008,0
Marigolds,6010,0
Nasturtiums,6012,0
Rosemary,6014,0
Poison ivy berries,6018,0
Supercompost,6034,0
Plant cure,6036,0
Magic string,6038,0
Oak roots,6043,0
Willow roots,6045,0
Maple roots,6047,0
Yew roots,6049,0
Magic roots,6051,0
Weeds,6055,0
Bronze bolts(p+),6061,0
Bronze bolts(p++),6062,0
Rock-shell helm,6128,0
Spined helm,6131,0
Spined body,6133,0
Spined chaps,6135,0
Skeletal helm,6137,0
Spined boots,6143,0
Rock-shell boots,6145,0
Skeletal boots,6147,0
Spined gloves,6149,0
Rock-shell gloves,6151,0
Skeletal gloves,6153,0
Dagannoth hide,6155,0
Rock-shell chunk,6157,0
Rock-shell shard,6159,0
Rock-shell splinter,6161,0
Skull piece,6163,0
Ribcage piece,6165,0
Fibula piece,6167,0
Circular hide,6169,0
Flattened hide,6171,0
Stretched hide,6173,0
Teak pyre logs,6211,0
Mahogany pyre log,6213,0
Broodoo shield (10),6215,0
Broodoo shield,6235,0
Broodoo shield (10),6237,0
Broodoo shield,6257,0
Broodoo shield (10),6259,0
Broodoo shield,6279,0
Thatch spar light,6281,0
Thatch spar med,6283,0
Thatch spar dense,6285,0
Snake hide,6287,0
Snakeskin,6289,0
Spider carcass,6291,0
Spider on stick,6297,0
Spider on shaft,6299,0
Skewer stick,6305,0
Trading sticks,6306,0
Gout tuber,6311,0
Opal machete,6313,0
Jade machete,6315,0
Proboscis,6319,0
Snakeskin bandana,6326,0
Snakeskin vambraces,6330,0
Teak logs,6333,0
Tribal mask,6335,0
Tribal mask,6337,0
Tribal mask,6339,0
Tribal top,6341,0
Villager robe,6343,0
Villager hat,6345,0
Villager armband,6347,0
Villager sandals,6349,0
Tribal top,6351,0
Villager robe,6353,0
Villager hat,6355,0
Villager sandals,6357,0
Villager armband,6359,0
Tribal top,6361,0
Villager robe,6363,0
Villager hat,6365,0
Villager sandals,6367,0
Villager armband,6369,0
Tribal top,6371,0
Villager robe,6373,0
Villager hat,6375,0
Villager sandals,6377,0
Villager armband,6379,0
Fez,6382,0
Desert top,6384,0
Desert robes,6386,0
Desert top,6388,0
Desert legs,6390,0
Menaphite purple hat,6392,0
Menaphite purple top,6394,0
Menaphite purple robe,6396,0
Menaphite purple kilt,6398,0
Menaphite red hat,6400,0
Menaphite red top,6402,0
Menaphite red robe,6404,0
Menaphite red kilt,6406,0
Oak blackjack(o),6408,0
Oak blackjack(d),6410,0
Willow blackjack(o),6412,0
Willow blackjack(d),6414,0
Maple blackjack(o),6418,0
Maple blackjack(d),6420,0
Compost potion(4),6470,0
Compost potion(3),6472,0
Compost potion(2),6474,0
Compost potion(1),6476,0
Toktz-xil-ul,6522,0
Toktz-xil-ak,6523,0
Toktz-xil-ek,6525,0
Toktz-mej-tal,6526,0
Tzhaar-ket-em,6527,0
Mud battlestaff,6562,0
Mystic mud staff,6563,0
Uncut onyx,6571,0
Onyx,6573,0
Onyx ring,6575,0
Onyx necklace,6577,0
Onyx amulet (u),6579,0
Onyx amulet,6581,0
Ring of stone,6583,0
Amulet of fury,6585,0
White claws,6587,0
White battleaxe,6589,0
White dagger,6591,0
White dagger(p),6593,0
White dagger(p+),6595,0
White dagger(p++),6597,0
White halberd,6599,0
White mace,6601,0
White magic staff,6603,0
White sword,6605,0
White longsword,6607,0
White 2h sword,6609,0
White scimitar,6611,0
White warhammer,6613,0
White chainbody,6615,0
White platebody,6617,0
White boots,6619,0
White med helm,6621,0
White full helm,6623,0
White platelegs,6625,0
White plateskirt,6627,0
White gloves,6629,0
White sq shield,6631,0
White kiteshield,6633,0
Empty fishbowl,6667,0
Ground guam,6681,0
Saradomin brew(1),6691,0
Pat of butter,6697,0
Baked potato,6701,0
Potato with butter,6703,0
Seercull,6724,0
Archers ring,6733,0
Berserker ring,6737,0
Black desert shirt,6750,0
Black desert robe,6752,0
Guthix mjolnir,6760,0
Saradomin mjolnir,6762,0
Zamorak mjolnir,6764,0
Choc-ice,6794,0
Fur,6814,0
Mage's book,6889,0
Arena book,6891,0
Beginner wand,6908,0
Apprentice wand,6910,0
Teacher wand,6912,0
Master wand,6914,0
Infinity top,6916,0
Infinity hat,6918,0
Infinity bottoms,6924,0
Pink cape,6959,0
Triangle sandwich,6962,0
Sandstone (1kg),6971,0
Sandstone (2kg),6973,0
Sandstone (5kg),6975,0
Sandstone (10kg),6977,0
Granite (500g),6979,0
Granite (2kg),6981,0
Granite (5kg),6983,0
Unlit bug lantern,7051,0
Chilli potato,7054,0
Egg potato,7056,0
Mushroom potato,7058,0
Chilli con carne,7062,0
Egg and tomato,7064,0
Mushroom &amp; onion,7066,0
Tuna and corn,7068,0
Minced meat,7070,0
Spicy sauce,7072,0
Chopped garlic,7074,0
Uncooked egg,7076,0
Scrambled egg,7078,0
Sliced mushrooms,7080,0
Fried mushrooms,7082,0
Fried onions,7084,0
Chopped tuna,7086,0
Sweetcorn,7088,0
Stripy pirate shirt,7110,0
Pirate bandana,7112,0
Pirate boots,7114,0
Pirate leggings,7116,0
Stripy pirate shirt,7122,0
Pirate bandana,7124,0
Pirate leggings,7126,0
Stripy pirate shirt,7128,0
Pirate bandana,7130,0
Pirate leggings,7132,0
Stripy pirate shirt,7134,0
Pirate bandana,7136,0
Pirate leggings,7138,0
Pie recipe book,7162,0
Raw mud pie,7168,0
Mud pie,7170,0
Raw garden pie,7176,0
Garden pie,7178,0
Raw fish pie,7186,0
Fish pie,7188,0
Raw admiral pie,7196,0
Raw wild pie,7206,0
Raw summer pie,7216,0
Roast rabbit,7223,0
Iron spit,7225,0
Cooked chompy,7228,0
Red boater,7319,0
Orange boater,7321,0
Green boater,7323,0
Blue boater,7325,0
Black boater,7327,0
Red firelighter,7329,0
Green firelighter,7330,0
Blue firelighter,7331,0
Black shield (h1),7332,0
Black shield (h3),7344,0
Black shield (h4),7350,0
Studded body (t),7364,0
Studded chaps (t),7368,0
Green d'hide body (g),7370,0
Green d'hide body (t),7372,0
Wooden spoon,7433,0
Egg whisk,7435,0
Spork,7437,0
Spatula,7439,0
Frying pan,7441,0
Skewer,7443,0
Rolling pin,7445,0
Kitchen knife,7447,0
Meat tenderiser,7449,0
Cleaver,7451,0
Cornflour,7466,0
Pot of cornflour,7468,0
Cooked crab meat,7521,0
Raw jubbly,7566,0
Cooked jubbly,7568,0
Silver dust,7650,0
Guthix balance(4),7660,0
Guthix balance(3),7662,0
Guthix balance(2),7664,0
Guthix balance(1),7666,0
Gadderhammer,7668,0
Toy soldier,7759,0
Toy soldier (wound),7761,0
Toy doll,7763,0
Toy doll (wound),7765,0
Toy mouse (wound),7769,0
Toy cat,7771,0
Snake hide,7801,0
Bottle of wine,7919,0
Pure essence,7936,0
Raw monkfish,7944,0
Monkfish,7946,0
Bones to bananas,8014,0
Enchant sapphire,8016,0
Enchant emerald,8017,0
Enchant ruby,8018,0
Enchant diamond,8019,0
Enchant dragonstn.,8020,0
Enchant onyx,8021,0
Bagged dead tree,8417,0
Bagged nice tree,8419,0
Bagged oak tree,8421,0
Bagged willow tree,8423,0
Bagged maple tree,8425,0
Bagged yew tree,8427,0
Bagged magic tree,8429,0
Bagged plant 1,8431,0
Bagged plant 2,8433,0
Bagged plant 3,8435,0
Thorny hedge,8437,0
Nice hedge,8439,0
Small box hedge,8441,0
Topiary hedge,8443,0
Fancy hedge,8445,0
Tall fancy hedge,8447,0
Tall box hedge,8449,0
Bagged flower,8451,0
Bagged daffodils,8453,0
Bagged bluebells,8455,0
Bagged sunflower,8457,0
Bagged marigolds,8459,0
Bagged roses,8461,0
Crude chair,8496,0
Wooden chair,8498,0
Rocking chair,8500,0
Oak chair,8502,0
Oak armchair,8504,0
Teak armchair,8506,0
Mahogany armchair,8508,0
Bookcase,8510,0
Oak bookcase,8512,0
Mahogany bookcase,8514,0
Beer barrel,8516,0
Cider barrel,8518,0
Asgarnian ale,8520,0
Greenman's ale,8522,0
Dragon bitter,8524,0
Chef's delight,8526,0
Kitchen table,8528,0
Oak kitchen table,8530,0
Teak kitchen table,8532,0
Oak lectern,8534,0
Eagle lectern,8536,0
Demon lectern,8538,0
Teak eagle lectern,8540,0
Teak demon lectern,8542,0
Mahogany eagle,8544,0
Mahogany demon,8546,0
Wood dining table,8548,0
Oak dining table,8550,0
Carved oak table,8552,0
Teak table,8554,0
Carved teak table,8556,0
Mahogany table,8558,0
Opulent table,8560,0
Wooden bench,8562,0
Oak bench,8564,0
Carved oak bench,8566,0
Teak dining bench,8568,0
Carved teak bench,8570,0
Mahogany bench,8572,0
Gilded bench,8574,0
Wooden bed,8576,0
Oak bed,8578,0
Large oak bed,8580,0
Teak bed,8582,0
Large teak bed,8584,0
Four-poster bed,8586,0
Gilded four-poster,8588,0
Oak clock,8590,0
Teak clock,8592,0
Gilded clock,8594,0
Shaving stand,8596,0
Oak shaving stand,8598,0
Oak dresser,8600,0
Teak dresser,8602,0
Fancy teak dresser,8604,0
Mahogany dresser,8606,0
Gilded dresser,8608,0
Shoe box,8610,0
Oak drawers,8612,0
Oak wardrobe,8614,0
Teak drawers,8616,0
Teak wardrobe,8618,0
Mahogany wardrobe,8620,0
Gilded wardrobe,8622,0
Crystal ball,8624,0
Elemental sphere,8626,0
Crystal of power,8628,0
Globe,8630,0
Ornamental globe,8632,0
Lunar globe,8634,0
Celestial globe,8636,0
Armillary sphere,8638,0
Small orrery,8640,0
Large orrery,8642,0
Wooden telescope,8644,0
Teak telescope,8646,0
Mahogany telescope,8648,0
Gold leaf,8784,0
Marble block,8786,0
Magic stone,8788,0
Clockwork,8792,0
Timber beam,8837,0
Bone dagger,8872,0
Bone dagger (p),8874,0
Bone dagger (p+),8876,0
Bone bolts,8882,0
Bandana eyepatch,8924,0
Bandana eyepatch,8925,0
Bandana eyepatch,8926,0
Bandana eyepatch,8927,0
Hat eyepatch,8928,0
Security book,9003,0
Stronghold notes,9004,0
Ivory comb,9026,0
Golden scarab,9028,0
Stone scarab,9030,0
Pottery scarab,9032,0
Golden statuette,9034,0
Pottery statuette,9036,0
Stone statuette,9038,0
Gold seal,9040,0
Stone seal,9042,0
Pharaoh's sceptre (3),9044,0
Pharaoh's sceptre,9050,0
Locust meat,9052,0
Iron bolts,9140,0
Steel bolts,9141,0
Silver bolts,9145,0
Bronze crossbow,9174,0
Iron crossbow,9177,0
Steel crossbow,9179,0
Adamant crossbow,9183,0
Jade bolt tips,9187,0
Topaz bolt tips,9188,0
Sapphire bolt tips,9189,0
Emerald bolt tips,9190,0
Ruby bolt tips,9191,0
Diamond bolt tips,9192,0
Opal bolts (e),9236,0
Pearl bolts (e),9238,0
Topaz bolts (e),9239,0
Sapphire bolts (e),9240,0
Iron bolts (p),9287,0
Steel bolts (p),9288,0
Mithril bolts (p),9289,0
Adamant bolts (p),9290,0
Runite bolts (p),9291,0
Silver bolts (p),9292,0
Iron bolts(p+),9294,0
Steel bolts(p+),9295,0
Mithril bolts(p+),9296,0
Adamant bolts(p+),9297,0
Runite bolts(p+),9298,0
Silver bolts(p+),9299,0
Iron bolts(p++),9301,0
Steel bolts(p++),9302,0
Mithril bolts(p++),9303,0
Adamant bolts(p++),9304,0
Runite bolts(p++),9305,0
Silver bolts(p++),9306,0
Topaz bolts,9336,0
Sapphire bolts,9337,0
Emerald bolts,9338,0
Diamond bolts,9340,0
Bronze bolts (unf),9375,0
Iron bolts (unf),9377,0
Steel bolts (unf),9378,0
Mithril bolts (unf),9379,0
Adamant bolts(unf),9380,0
Runite bolts (unf),9381,0
Silver bolts (unf),9382,0
Mith grapple tip,9416,0
Mith grapple,9418,0
Bronze limbs,9420,0
Iron limbs,9423,0
Steel limbs,9425,0
Mithril limbs,9427,0
Adamantite limbs,9429,0
Bolt mould,9434,0
Sinew,9436,0
Crossbow string,9438,0
Wooden stock,9440,0
Oak stock,9442,0
Willow stock,9444,0
Teak stock,9446,0
Maple stock,9448,0
Mahogany stock,9450,0
Yew stock,9452,0
Bronze crossbow (u),9454,0
Iron crossbow (u),9457,0
Steel crossbow (u),9459,0
Mithril crossbow (u),9461,0
Adamant crossbow (u),9463,0
Grand seed pod,9469,0
Gnome scarf,9470,0
Gnome goggles,9472,0
Mint cake,9475,0
Tyras helm,9629,0
Vyrewatch top,9634,0
Vyrewatch legs,9636,0
Vyrewatch shoes,9638,0
Citizen top,9640,0
Citizen trousers,9642,0
Citizen shoes,9644,0
Proselyte harness m,9666,0
Proselyte harness f,9670,0
Proselyte cuisse,9676,0
Proselyte tasset,9678,0
Elemental helmet,9729,0
Mind helmet,9733,0
Desert goat horn,9735,0
Goat horn dust,9736,0
Combat potion(4),9739,0
Combat potion(3),9741,0
Combat potion(2),9743,0
Combat potion(1),9745,0
Oak cape rack,9843,0
Teak cape rack,9844,0
Mahogany cape rack,9845,0
Gilded cape rack,9846,0
Marble cape rack,9847,0
Magic cape rack,9848,0
Oak toy box,9849,0
Teak toy box,9850,0
Mahogany toy box,9851,0
Oak magic wardrobe,9852,0
Carved oak magic wardrobe,9853,0
Teak magic wardrobe,9854,0
Carved teak magic wardrobe,9855,0
Mahogany magic wardrobe,9856,0
Gilded magic wardrobe,9857,0
Marble magic wardrobe,9858,0
Oak armour case,9859,0
Teak armour case,9860,0
Mahogany armour case,9861,0
Oak treasure chest,9862,0
Teak treasure chest,9863,0
M. treasure chest,9864,0
Oak fancy dress box,9865,0
Teak fancy dress box,9866,0
Mahogany fancy dress box,9867,0
Raw bird meat,9978,0
Roast bird meat,9980,0
Raw beast meat,9986,0
Roast beast meat,9988,0
Spicy tomato,9994,0
Spicy minced meat,9996,0
Hunter potion(4),9998,0
Hunter potion(3),10000,0
Hunter potion(2),10002,0
Hunter potion(1),10004,0
Bird snare,10006,0
Box trap,10008,0
Butterfly net,10010,0
Butterfly jar,10012,0
Black warlock,10014,0
Snowy knight,10016,0
Sapphire glacialis,10018,0
Ruby harvest,10020,0
Magic box,10025,0
Teasing stick,10029,0
Rabbit snare,10031,0
Chinchompa,10033,0
Kyatt legs,10035,0
Kyatt top,10037,0
Kyatt hat,10039,0
Larupia legs,10041,0
Larupia top,10043,0
Larupia hat,10045,0
Graahk legs,10047,0
Graahk top,10049,0
Graahk headdress,10051,0
Wood camo top,10053,0
Wood camo legs,10055,0
Jungle camo top,10057,0
Jungle camo legs,10059,0
Desert camo top,10061,0
Desert camo legs,10063,0
Polar camo top,10065,0
Polar camo legs,10067,0
Spotted cape,10069,0
Spiky vambraces,10077,0
Green spiky vambs,10079,0
Blue spiky vambs,10081,0
Red spiky vambs,10083,0
Black spiky vambs,10085,0
Stripy feather,10087,0
Red feather,10088,0
Blue feather,10089,0
Yellow feather,10090,0
Orange feather,10091,0
Tatty larupia fur,10093,0
Larupia fur,10095,0
Tatty graahk fur,10097,0
Graahk fur,10099,0
Tatty kyatt fur,10101,0
Kyatt fur,10103,0
Kebbit spike,10105,0
Long kebbit spike,10107,0
Kebbit teeth,10109,0
Kebbit teeth dust,10111,0
Kebbit claws,10113,0
Dark kebbit fur,10115,0
Polar kebbit fur,10117,0
Feldip weasel fur,10119,0
Common kebbit fur,10121,0
Desert devil fur,10123,0
Spotted kebbit fur,10125,0
Dashing kebbit fur,10127,0
Barb-tail harpoon,10129,0
Strung rabbit foot,10132,0
Rabbit foot,10134,0
Rainbow fish,10136,0
Raw rainbow fish,10138,0
Guam tar,10142,0
Marrentill tar,10143,0
Tarromin tar,10144,0
Harralander tar,10145,0
Orange salamander,10146,0
Red salamander,10147,0
Black salamander,10148,0
Swamp lizard,10149,0
Noose wand,10150,0
Kebbit bolts,10158,0
Long kebbit bolts,10159,0
Willow comp bow,10280,0
Adamant helm (h1),10296,0
Adamant helm (h3),10300,0
Adamant helm (h4),10302,0
Black helm (h2),10308,0
Black helm (h3),10310,0
Black helm (h4),10312,0
Bob's blue shirt,10318,0
Bob's black shirt,10322,0
Purple firelighter,10326,0
White firelighter,10327,0
3rd age range top,10330,0
3rd age range legs,10332,0
3rd age range coif,10334,0
3rd age vambraces,10336,0
3rd age robe top,10338,0
3rd age robe,10340,0
3rd age mage hat,10342,0
3rd age amulet,10344,0
3rd age platelegs,10346,0
3rd age platebody,10348,0
3rd age full helmet,10350,0
3rd age kiteshield,10352,0
Amulet of glory (t),10362,0
Amulet of magic (t),10366,0
Guthix chaps,10380,0
Guthix coif,10382,0
Saradomin bracers,10384,0
Saradomin d'hide,10386,0
Pantaloons,10396,0
Sleeping cap,10398,0
Black elegant shirt,10400,0
Red elegant legs,10406,0
Blue elegant shirt,10408,0
Blue elegant legs,10410,0
Green elegant shirt,10412,0
Purple elegant shirt,10416,0
Purple elegant legs,10418,0
White elegant blouse,10420,0
White elegant skirt,10422,0
Red elegant blouse,10424,0
Red elegant skirt,10426,0
Blue elegant blouse,10428,0
Blue elegant skirt,10430,0
Green elegant blouse,10432,0
Green elegant skirt,10434,0
Purple elegant blouse,10436,0
Purple elegant skirt,10438,0
Guthix cloak,10448,0
Zamorak robe top,10460,0
Guthix robe top,10462,0
Zamorak robe legs,10468,0
Saradomin stole,10470,0
Guthix stole,10472,0
Polished buttons,10496,0
Granite helm,10589,0
Arctic pyre logs,10808,0
Arctic pine logs,10810,0
Split log,10812,0
Hair,10814,0
Raw yak meat,10816,0
Yak-hide,10818,0
Cured yak-hide,10820,0
Yak-hide armour,10822,0
Yak-hide armour,10824,0
Fremennik shield,10826,0
Wooden cat,10891,0
Sanfew serum(2),10929,0
Sanfew serum(1),10931,0
Nail beast nails,10937,0
Slayer bell,10952,0
Frog-leather chaps,10956,0
Frog-leather boots,10958,0
Light orb,10973,0
Swamp weed,10978,0
Cave goblin wire,10981,0
Goblin book,10999,0
Ancient mace,11061,0
Bracelet mould,11065,0
Gold bracelet,11069,0
Sapphire bracelet,11072,0
Bracelet of clay,11074,0
Emerald bracelet,11076,0
Castle wars bracelet(3),11079,0
Ruby bracelet,11085,0
Inoculation bracelet,11088,0
Abyssal bracelet(5),11095,0
Skills necklace,11113,0
Berserker necklace,11128,0
Onyx bracelet,11130,0
Regen bracelet,11133,0
Dwarven helmet,11200,0
Shrunk ogleroot,11205,0
Dragon arrow(p),11227,0
Dragon arrow(p+),11228,0
Dragon arrow(p++),11229,0
Dragon dart(p),11231,0
Dragon dart(p+),11233,0
Dragon dart(p++),11234,0
Baby impling jar,11238,0
Young impling jar,11240,0
Gourmet impling jar,11242,0
Earth impling jar,11244,0
Essence impling jar,11246,0
Eclectic impling jar,11248,0
Nature impling jar,11250,0
Magpie impling jar,11252,0
Ninja impling jar,11254,0
Dragon impling jar,11256,0
Impling jar,11260,0
Cavalier mask,11280,0
Dragonfire shield,11284,0
Draconic visage,11286,0
Roe,11324,0
Caviar,11326,0
Leaping trout,11328,0
Leaping salmon,11330,0
Leaping sturgeon,11332,0
Fish offcuts,11334,0
Dragon full helm,11335,0
Bronze hasta,11367,0
Iron hasta,11369,0
Steel hasta,11371,0
Mithril hasta,11373,0
Adamant hasta,11375,0
Rune hasta,11377,0
Bronze hasta(p),11379,0
Bronze hasta(p+),11382,0
Bronze hasta(p++),11384,0
Iron hasta(p),11386,0
Iron hasta(p+),11389,0
Iron hasta(p++),11391,0
Steel hasta(p),11393,0
Steel hasta(p+),11396,0
Steel hasta(p++),11398,0
Mithril hasta(p),11400,0
Mithril hasta(p+),11403,0
Mithril hasta(p++),11405,0
Adamant hasta(p),11407,0
Adamant hasta(p+),11410,0
Adamant hasta(p++),11412,0
Rune hasta(p),11414,0
Rune hasta(p+),11417,0
Rune hasta(p++),11419,0
Attack mix(2),11429,0
Attack mix(1),11431,0
Antipoison mix(2),11433,0
Antipoison mix(1),11435,0
Relicym's mix(2),11437,0
Relicym's mix(1),11439,0
Strength mix(1),11441,0
Strength mix(2),11443,0
Combat mix(2),11445,0
Combat mix(1),11447,0
Restore mix(2),11449,0
Restore mix(1),11451,0
Energy mix(2),11453,0
Energy mix(1),11455,0
Defence mix(2),11457,0
Defence mix(1),11459,0
Agility mix(2),11461,0
Agility mix(1),11463,0
Prayer mix(2),11465,0
Prayer mix(1),11467,0
Superattack mix(2),11469,0
Superattack mix(1),11471,0
Anti-poison supermix(2),11473,0
Anti-poison supermix(1),11475,0
Fishing mix(2),11477,0
Fishing mix(1),11479,0
Super energy mix(2),11481,0
Super energy mix(1),11483,0
Super str. mix(2),11485,0
Super str. mix(1),11487,0
Magic essence mix(2),11489,0
Magic essence mix(1),11491,0
Super restore mix(2),11493,0
Super restore mix(1),11495,0
Super def. mix(2),11497,0
Super def. mix(1),11499,0
Antidote+ mix(2),11501,0
Antidote+ mix(1),11503,0
Antifire mix(2),11505,0
Antifire mix(1),11507,0
Ranging mix(2),11509,0
Ranging mix(1),11511,0
Magic mix(2),11513,0
Magic mix(1),11515,0
Hunting mix(2),11517,0
Hunting mix(1),11519,0
Zamorak mix(2),11521,0
Zamorak mix(1),11523,0
Armadyl crossbow,11785,0
Steam battlestaff,11787,0
Mystic steam staff,11789,0
Staff of the dead,11791,0
Armadyl godsword,11802,0
Bandos godsword,11804,0
Saradomin godsword,11806,0
Zamorak godsword,11808,0
Armadyl hilt,11810,0
Bandos hilt,11812,0
Saradomin hilt,11814,0
Zamorak hilt,11816,0
Zamorakian spear,11824,0
Armadyl chestplate,11828,0
Armadyl chainskirt,11830,0
Bandos chestplate,11832,0
Bandos tassets,11834,0
Dragon boots,11840,0
Broad arrowheads,11874,0
Unfinished broad bolts,11876,0
Zamorakian hasta,11889,0
Uncharged trident,11908,0
Dragon pickaxe,11920,0
Malediction ward,11924,0
Odium ward,11926,0
Odium shard 1,11928,0
Odium shard 2,11929,0
Odium shard 3,11930,0
Malediction shard 1,11931,0
Malediction shard 2,11932,0
Malediction shard 3,11933,0
Raw dark crab,11934,0
Dark fishing bait,11940,0
Extended antifire (4),11951,0
Extended antifire (3),11953,0
Extended antifire (2),11955,0
Extended antifire (1),11957,0
Black chinchompa,11959,0
Extended antifire mix(2),11960,0
Extended antifire mix(1),11962,0
Amulet of glory (t6),11964,0
Lava scale,11992,0
Lava scale shard,11994,0
Smoke battlestaff,11998,0
Mystic smoke staff,12000,0
Jar of dirt,12007,0
Ancient robe top,12193,0
Ancient robe legs,12195,0
Ancient crozier,12199,0
Bronze full helm (g),12211,0
Bronze kiteshield (g),12213,0
Bronze platebody (t),12215,0
Bronze plateskirt (t),12219,0
Bronze full helm (t),12221,0
Bronze kiteshield (t),12223,0
Iron platelegs (t),12227,0
Iron plateskirt (t),12229,0
Iron kiteshield (t),12233,0
Iron platelegs (g),12237,0
Iron full helm (g),12241,0
Imp mask,12249,0
Goblin mask,12251,0
Armadyl robe top,12253,0
Armadyl robe legs,12255,0
Armadyl stole,12257,0
Bandos robe top,12265,0
Bandos robe legs,12267,0
Bandos crozier,12275,0
Mithril platebody (g),12277,0
Mithril plateskirt (g),12285,0
Mithril full helm (t),12293,0
Black pickaxe,12297,0
White headband,12299,0
Blue headband,12301,0
Pink headband,12305,0
Purple boater,12311,0
White boater,12313,0
Pink elegant shirt,12315,0
Pink elegant legs,12317,0
White cavalier,12321,0
Briefcase,12335,0
Sagacious spectacles,12337,0
Pink elegant blouse,12339,0
Gold elegant blouse,12343,0
Gold elegant skirt,12345,0
Gold elegant shirt,12347,0
Gold elegant legs,12349,0
Monocle,12353,0
Big pirate hat,12355,0
Cat mask,12361,0
Steel dragon mask,12367,0
Mithril dragon mask,12369,0
Lava dragon mask,12371,0
Black cane,12375,0
Adamant cane,12377,0
Black d'hide body (g),12381,0
Black d'hide body (t),12385,0
Black d'hide chaps (t),12387,0
Gilded scimitar,12389,0
Gilded boots,12391,0
Royal gown bottom,12395,0
Royal crown,12397,0
Partyhat &amp; specs,12399,0
Feldip hills teleport,12404,0
Tai bwo wannai teleport,12409,0
Elf camp teleport,12410,0
Mos le'harmless teleport,12411,0
Pirate hat &amp; patch,12412,0
3rd age wand,12422,0
3rd age bow,12424,0
3rd age longsword,12426,0
Top hat,12432,0
Top hat &amp; monocle,12434,0
3rd age cloak,12437,0
Royal sceptre,12439,0
Musketeer tabard,12441,0
Musketeer pants,12443,0
Black wizard robe (g),12449,0
Black wizard robe (t),12451,0
Ancient d'hide,12492,0
Bandos coif,12504,0
Armadyl coif,12512,0
Explorer backpack,12514,0
Pith helmet,12516,0
Green dragon mask,12518,0
Blue dragon mask,12520,0
